{
	"info": {
		"_postman_id": "8510d96b-69a4-4de8-963b-17d6168afb7f",
		"name": "PlayMusicvideo",
		"schema": "https://schema.getpostman.com/json/collection/v2.1.0/collection.json",
		"_exporter_id": "25238092"
	},
	"item": [
		{
			"name": "User",
			"item": [
				{
					"name": "users/getAll",
					"protocolProfileBehavior": {
						"disableBodyPruning": true
					},
					"request": {
						"auth": {
							"type": "bearer",
							"bearer": [
								{
									"key": "token",
									"value": "eyJhbGciOiJIUzI1NiIsInR5cCI6IkpXVCJ9.eyJlbWFpbCI6ImVkc2dob3RAZ21haWwuY29tIiwiaWF0IjoxNjg5Mzc4MDg4LCJleHAiOjE2ODkzNzgxNjh9.ZrW0OoAdpmTWo3PHw3Hd7w3fTLWduGIjN8RS3PzX13g",
									"type": "string"
								}
							]
						},
						"method": "GET",
						"header": [],
						"body": {
							"mode": "raw",
							"raw": "",
							"options": {
								"raw": {
									"language": "json"
								}
							}
						},
						"url": {
							"raw": "http://localhost:3030/api/users/getall",
							"protocol": "http",
							"host": [
								"localhost"
							],
							"port": "3030",
							"path": [
								"api",
								"users",
								"getall"
							]
						}
					},
					"response": []
				},
				{
					"name": "users/insert",
					"request": {
						"method": "POST",
						"header": [],
						"body": {
							"mode": "raw",
							"raw": "{\n    \"name\": \"Edsghot\",\n    \"email\": \"edsghot@gmail.com\",\n    \"password\": \"Repro123.\"\n}",
							"options": {
								"raw": {
									"language": "json"
								}
							}
						},
						"url": {
							"raw": "http://localhost:3030/api/users/insert",
							"protocol": "http",
							"host": [
								"localhost"
							],
							"port": "3030",
							"path": [
								"api",
								"users",
								"insert"
							]
						}
					},
					"response": []
				},
				{
					"name": "users/login",
					"protocolProfileBehavior": {
						"disableBodyPruning": true
					},
					"request": {
						"method": "GET",
						"header": [],
						"body": {
							"mode": "raw",
							"raw": "",
							"options": {
								"raw": {
									"language": "json"
								}
							}
						},
						"url": {
							"raw": "http://localhost:3030/api/users/login?email=edsghot@gmail.com&password=Repro123.",
							"protocol": "http",
							"host": [
								"localhost"
							],
							"port": "3030",
							"path": [
								"api",
								"users",
								"login"
							],
							"query": [
								{
									"key": "email",
									"value": "edsghot@gmail.com"
								},
								{
									"key": "password",
									"value": "Repro123."
								}
							]
						}
					},
					"response": []
				},
				{
					"name": "loginGoogle",
					"request": {
						"method": "GET",
						"header": []
					},
					"response": []
				},
				{
					"name": "loginFacebook",
					"request": {
						"method": "GET",
						"header": [],
						"url": {
							"raw": "http://localhost:3030/api/users/auth/facebook",
							"protocol": "http",
							"host": [
								"localhost"
							],
							"port": "3030",
							"path": [
								"api",
								"users",
								"auth",
								"facebook"
							]
						}
					},
					"response": []
				}
			]
		},
		{
			"name": "Music",
			"item": [
				{
					"name": "music/getAll",
					"request": {
						"method": "GET",
						"header": [],
						"url": {
							"raw": "http://localhost:3030/api/musics/getall",
							"protocol": "http",
							"host": [
								"localhost"
							],
							"port": "3030",
							"path": [
								"api",
								"musics",
								"getall"
							]
						}
					},
					"response": []
				},
				{
					"name": "music/getById",
					"protocolProfileBehavior": {
						"disableBodyPruning": true
					},
					"request": {
						"method": "GET",
						"header": [],
						"body": {
							"mode": "raw",
							"raw": ""
						},
						"url": {
							"raw": "http://localhost:3030/api/musics/getbyid/1",
							"protocol": "http",
							"host": [
								"localhost"
							],
							"port": "3030",
							"path": [
								"api",
								"musics",
								"getbyid",
								"1"
							]
						}
					},
					"response": []
				},
				{
					"name": "music/downloadById/1",
					"protocolProfileBehavior": {
						"disableBodyPruning": true
					},
					"request": {
						"method": "GET",
						"header": [],
						"body": {
							"mode": "raw",
							"raw": "",
							"options": {
								"raw": {
									"language": "json"
								}
							}
						},
						"url": {
							"raw": "http://localhost:3030/api/musics/downloadbyId/1",
							"protocol": "http",
							"host": [
								"localhost"
							],
							"port": "3030",
							"path": [
								"api",
								"musics",
								"downloadbyId",
								"1"
							]
						}
					},
					"response": []
				},
				{
					"name": "music/download",
					"request": {
						"method": "POST",
						"header": [],
						"body": {
							"mode": "raw",
							"raw": "{\n    \"url\": \"https://youtu.be/vk_xq1P7vIU\"\n}",
							"options": {
								"raw": {
									"language": "json"
								}
							}
						},
						"url": {
							"raw": "http://localhost:3030/api/musics/download",
							"protocol": "http",
							"host": [
								"localhost"
							],
							"port": "3030",
							"path": [
								"api",
								"musics",
								"download"
							]
						}
					},
					"response": []
				},
				{
					"name": "music/insert",
					"request": {
						"method": "POST",
						"header": [],
						"body": {
							"mode": "raw",
							"raw": "{\n    \"id\": 1,\n    \"name\": \"Sam Smith - Fire On Fire \",\n    \"description\": \"favoritos\",\n    \"url\": \"https://youtu.be/vk_xq1P7vIU\"\n}",
							"options": {
								"raw": {
									"language": "json"
								}
							}
						},
						"url": {
							"raw": "http://localhost:3030/api/musics/insert",
							"protocol": "http",
							"host": [
								"localhost"
							],
							"port": "3030",
							"path": [
								"api",
								"musics",
								"insert"
							]
						}
					},
					"response": []
				},
				{
					"name": "music/update/1",
					"request": {
						"method": "PUT",
						"header": [],
						"body": {
							"mode": "raw",
							"raw": "{\n    \"name\": \"Sam Smith - Fire On \",\n    \"description\": \"favoritos\",\n    \"url\": \"https://youtu.be/vk_xq1P7vIU\"\n}",
							"options": {
								"raw": {
									"language": "json"
								}
							}
						},
						"url": {
							"raw": "http://localhost:3030/api/musics/update/1",
							"protocol": "http",
							"host": [
								"localhost"
							],
							"port": "3030",
							"path": [
								"api",
								"musics",
								"update",
								"1"
							]
						}
					},
					"response": []
				},
				{
					"name": "music/delete",
					"request": {
						"method": "DELETE",
						"header": [],
						"url": {
							"raw": "http://localhost:3030/api/musics/delete/1",
							"protocol": "http",
							"host": [
								"localhost"
							],
							"port": "3030",
							"path": [
								"api",
								"musics",
								"delete",
								"1"
							]
						}
					},
					"response": []
				},
				{
					"name": "downloadFile/1",
					"request": {
						"method": "GET",
						"header": [],
						"url": {
							"raw": "http://localhost:3030/api/musics/downloadfile/1",
							"protocol": "http",
							"host": [
								"localhost"
							],
							"port": "3030",
							"path": [
								"api",
								"musics",
								"downloadfile",
								"1"
							]
						}
					},
					"response": []
				}
			]
		},
		{
			"name": "video",
			"item": [
				{
					"name": "video/Insert",
					"request": {
						"method": "POST",
						"header": [],
						"body": {
							"mode": "raw",
							"raw": "{\n    \"name\": \"Sam Smith - Fire On Fire \",\n    \"description\": \"favoritos\",\n    \"url\": \"https://youtu.be/vk_xq1P7vIU\"\n}",
							"options": {
								"raw": {
									"language": "json"
								}
							}
						},
						"url": {
							"raw": "http://localhost:3030/api/videos/insert",
							"protocol": "http",
							"host": [
								"localhost"
							],
							"port": "3030",
							"path": [
								"api",
								"videos",
								"insert"
							]
						}
					},
					"response": []
				},
				{
					"name": "video/download",
					"request": {
						"method": "POST",
						"header": [],
						"body": {
							"mode": "raw",
							"raw": "{\n    \"url\": \"https://youtu.be/vk_xq1P7vIU\"\n}",
							"options": {
								"raw": {
									"language": "json"
								}
							}
						},
						"url": {
							"raw": "http://localhost:3030/api/videos/download",
							"protocol": "http",
							"host": [
								"localhost"
							],
							"port": "3030",
							"path": [
								"api",
								"videos",
								"download"
							]
						}
					},
					"response": []
				},
				{
					"name": "video/getAll",
					"request": {
						"method": "GET",
						"header": [],
						"url": {
							"raw": "http://localhost:3030/api/videos/getAll",
							"protocol": "http",
							"host": [
								"localhost"
							],
							"port": "3030",
							"path": [
								"api",
								"videos",
								"getAll"
							]
						}
					},
					"response": []
				},
				{
					"name": "video/downloadById",
					"request": {
						"method": "GET",
						"header": [],
						"url": {
							"raw": "http://localhost:3030/api/videos/downloadbyid/1",
							"protocol": "http",
							"host": [
								"localhost"
							],
							"port": "3030",
							"path": [
								"api",
								"videos",
								"downloadbyid",
								"1"
							]
						}
					},
					"response": []
				},
				{
					"name": "/video/getById/4",
					"request": {
						"method": "GET",
						"header": []
					},
					"response": []
				},
				{
					"name": "video/update/4",
					"request": {
						"method": "PUT",
						"header": [],
						"body": {
							"mode": "raw",
							"raw": "{\n    \"name\": \"Sam Smith 3 \",\n    \"description\": \"favoritos\",\n    \"url\": \"https://youtu.be/vk_xq1P7vIU\",\n    \"state\": false\n}",
							"options": {
								"raw": {
									"language": "json"
								}
							}
						},
						"url": {
							"raw": "http://localhost:3030/api/videos/update/1",
							"protocol": "http",
							"host": [
								"localhost"
							],
							"port": "3030",
							"path": [
								"api",
								"videos",
								"update",
								"1"
							]
						}
					},
					"response": []
				},
				{
					"name": "video/delete",
					"request": {
						"method": "DELETE",
						"header": [],
						"url": {
							"raw": "http://localhost:3030/api/videos/delete/3",
							"protocol": "http",
							"host": [
								"localhost"
							],
							"port": "3030",
							"path": [
								"api",
								"videos",
								"delete",
								"3"
							]
						}
					},
					"response": []
				}
			]
		},
		{
			"name": "favorite",
			"item": [
				{
					"name": "favorites/insert",
					"request": {
						"method": "POST",
						"header": [],
						"body": {
							"mode": "raw",
							"raw": "{\n    \"name\": \"favorito ed\",\n    \"type\": 2,\n    \"idUser\": 1,\n    \"idVideo\":1,\n    \"idMusic\": \"si deseas pones uno de los dos\"\n}",
							"options": {
								"raw": {
									"language": "json"
								}
							}
						},
						"url": {
							"raw": "http://localhost:3030/api/favorites/insert",
							"protocol": "http",
							"host": [
								"localhost"
							],
							"port": "3030",
							"path": [
								"api",
								"favorites",
								"insert"
							]
						}
					},
					"response": []
				},
				{
					"name": "favorites/getall",
					"request": {
						"method": "GET",
						"header": []
					},
					"response": []
				},
				{
					"name": "favorites/getbyid",
					"request": {
						"method": "GET",
						"header": []
					},
					"response": []
				},
				{
					"name": "favorites/delete",
					"request": {
						"method": "DELETE",
						"header": [],
						"url": {
							"raw": "http://localhost:3030/api/favorites/delete/1",
							"protocol": "http",
							"host": [
								"localhost"
							],
							"port": "3030",
							"path": [
								"api",
								"favorites",
								"delete",
								"1"
							]
						}
					},
					"response": []
				}
			]
		}
	]
}